CREATE DATABASE IF NOT EXISTS `socfix` 
  CHARACTER SET utf8 
  COLLATE utf8_unicode_ci;

/*
CREATE USER 'socfix'@'localhost'   IDENTIFIED BY 'socfix';
CREATE USER 'socfix'@'127.0.0.1'   IDENTIFIED BY 'socfix';
CREATE USER 'socfix'@'192.168.0.%' IDENTIFIED BY 'socfix';
CREATE USER 'socfix'@'192.168.1.%' IDENTIFIED BY 'socfix';
  */

GRANT SELECT, INSERT, UPDATE, DELETE, EXECUTE, LOCK TABLES ON socfix.* TO 'socfix'@'localhost';
GRANT SELECT, INSERT, UPDATE, DELETE, EXECUTE, LOCK TABLES ON socfix.* TO 'socfix'@'127.0.0.1';
GRANT SELECT, INSERT, UPDATE, DELETE, EXECUTE, LOCK TABLES ON socfix.* TO 'socfix'@'192.168.0.%';
GRANT SELECT, INSERT, UPDATE, DELETE, EXECUTE, LOCK TABLES ON socfix.* TO 'socfix'@'192.168.1.%';

FLUSH PRIVILEGES;

USE `socfix`;

SET NAMES utf8 COLLATE utf8_unicode_ci;

SET sql_mode='NO_AUTO_VALUE_ON_ZERO';

CREATE TABLE `zahalni_dani` (
    `id`         INT(11)      NOT NULL AUTO_INCREMENT,
    `nazva`      VARCHAR(25)      NULL DEFAULT NULL COLLATE 'utf8_unicode_ci',
    `znachennia` VARCHAR(250)     NULL DEFAULT NULL COLLATE 'utf8_unicode_ci',
    `opys`       VARCHAR(250)     NULL DEFAULT NULL COLLATE 'utf8_unicode_ci',
    `dostup`     TINYINT(1)   NOT NULL DEFAULT '1',
    PRIMARY KEY (`id`)
)
COLLATE='utf8_general_ci'
ENGINE=InnoDB
AUTO_INCREMENT=8
DEFAULT CHARSET=utf8;

INSERT INTO `zahalni_dani` (`id`, `nazva`, `znachennia`, `opys`, `dostup`) VALUES
    (1, 'Senate_Name',        'Шпанівська сільська рада',        'Назва ОТГ', 1),
    (2, 'Senate_Name_R',      'Шпанівської сільської ради',      'Назва ОТГ у родовому відмінку (виконавчого комітету ...)', 1),
    (3, 'Senate_Address',     'с. Шпанів, вул. Шкільна, буд. 1', 'Скорочена адреса ОТГ', 1),
    (4, 'Senate_FullAddress', '35301 Рівненська обл., Рівненський р-н, с. Шпанів, вул. Шкільна, буд. 1', 'Повна адреса ОТГ', 1),
    (5, 'Senate_Chief',       'Столярчук Микола Анатолійович',   'Голова ОТГ (Прізвище Ім\'я По батькові)', 1),
    (6, 'Senate_Chief_Post',  'Сільський голова',                'Посада голови ОТГ', 1),
    (7, 'Senate_Planner',     '',                                'Землевпорядник (Прізвище та ініціали)', 1);

CREATE TABLE `korystuvachi` (
    `id`     INT(11)      NOT NULL AUTO_INCREMENT,
    `pib`    VARCHAR(200)     NULL DEFAULT NULL COLLATE 'utf8_unicode_ci',
    `posada` VARCHAR(50)      NULL DEFAULT NULL COLLATE 'utf8_unicode_ci',	
    `parol`  VARCHAR(50)      NULL DEFAULT NULL COLLATE 'utf8_unicode_ci',
    `dostup` TINYINT(1)   NOT NULL DEFAULT '1',
    PRIMARY KEY (`id`)
)
COLLATE='utf8_unicode_ci'
ENGINE=InnoDB
AUTO_INCREMENT=2
DEFAULT CHARSET=utf8;

INSERT INTO `korystuvachi` (`id`, `pib`, `parol`, `dostup`) VALUES
    (-1, '<Всі>',         NULL, 1),
    ( 0, '<Не вказано>',  NULL, 1),
    ( 1, 'Адміністратор', NULL, 1);

CREATE TABLE `hromadianstvo` (
    `id`     INT(11)     NOT NULL AUTO_INCREMENT,
    `nazva`  VARCHAR(50)     NULL DEFAULT NULL COLLATE 'utf8_unicode_ci',
    `dostup` TINYINT(1)  NOT NULL DEFAULT '1',
    PRIMARY KEY (`id`)
)
COLLATE='utf8_unicode_ci'
ENGINE=InnoDB
AUTO_INCREMENT=2
DEFAULT CHARSET=utf8;

INSERT INTO `hromadianstvo` (`id`, `nazva`, `dostup`) VALUES
    (-1, '<Всі>',        1),
    ( 0, '<Не вказано>', 1),
    ( 1, 'Українське',   1);

CREATE TABLE `naselennia` (
    `id`                  INT(11)      NOT NULL AUTO_INCREMENT,
    `id_hromadianstvo`    INT(11)      NOT NULL DEFAULT '0',
    `prizvyshche`         VARCHAR(100)     NULL DEFAULT NULL COLLATE 'utf8_unicode_ci',
    `imia`                VARCHAR(50)      NULL DEFAULT NULL COLLATE 'utf8_unicode_ci',
    `po_batkovi`          VARCHAR(50)      NULL DEFAULT NULL COLLATE 'utf8_unicode_ci',
    `pib_rodovyi`         VARCHAR(200)     NULL DEFAULT NULL COLLATE 'utf8_unicode_ci',
    `pib_davalnyi`        VARCHAR(200)     NULL DEFAULT NULL COLLATE 'utf8_unicode_ci',
    `adresa`              VARCHAR(200)     NULL DEFAULT NULL COLLATE 'utf8_unicode_ci',
    `stat`                TINYINT(1)   NOT NULL DEFAULT '0',
    `data_narodzhennia`   DATE             NULL DEFAULT NULL,
    `data_smerti`         DATE             NULL DEFAULT NULL,
    `mistse_narodzhennia` VARCHAR(100)     NULL DEFAULT NULL COLLATE 'utf8_unicode_ci',
    `seriia_pasportu`     VARCHAR(4)       NULL DEFAULT NULL COLLATE 'utf8_unicode_ci',
    `nomer_pasportu`      VARCHAR(9)       NULL DEFAULT NULL COLLATE 'utf8_unicode_ci',
    `data_pasportu`       DATE             NULL DEFAULT NULL,
    `organ_pasportu`      VARCHAR(255)     NULL DEFAULT NULL COLLATE 'utf8_unicode_ci',
    `ipn`                 VARCHAR(10)      NULL DEFAULT NULL COLLATE 'utf8_unicode_ci',
    `yeddr_nomer`         VARCHAR(20)      NULL DEFAULT NULL COLLATE 'utf8_unicode_ci',
    `nomer_telefonu`      VARCHAR(16)      NULL DEFAULT NULL COLLATE 'utf8_unicode_ci',
    `prymitky`            VARCHAR(200)     NULL DEFAULT NULL COLLATE 'utf8_unicode_ci',
    PRIMARY KEY (`id`),
    INDEX `naselennia_fk_hromadianstvo` (`id_hromadianstvo`),
    CONSTRAINT `naselennia_fk_hromadianstvo` FOREIGN KEY (`id_hromadianstvo`) REFERENCES `hromadianstvo` (`id`)
)
COLLATE='utf8_unicode_ci'
ENGINE=InnoDB
AUTO_INCREMENT=1
DEFAULT CHARSET=utf8;

INSERT INTO `naselennia` (`id`, `id_hromadianstvo`, `prizvyshche`, `imia`, `po_batkovi`, `pib_rodovyi`, `pib_davalnyi`, `adresa`, `stat`, `data_narodzhennia`, `data_smerti`, `mistse_narodzhennia`, `seriia_pasportu`, `nomer_pasportu`, `data_pasportu`, `organ_pasportu`, `ipn`, `yeddr_nomer`, `nomer_telefonu`, `prymitky`) VALUES
    (-1, 1, '<Всі>',        '', '', NULL, NULL, NULL, 0, NULL, NULL, NULL, NULL, NULL, NULL, NULL, NULL, NULL, NULL, NULL),
    ( 0, 1, '<Не вказано>', '', '', NULL, NULL, NULL, 0, NULL, NULL, NULL, NULL, NULL, NULL, NULL, NULL, NULL, NULL, NULL);

CREATE TABLE `typ_sporidnenosti` (
    `id`      INT(11)     NOT NULL AUTO_INCREMENT,
    `nazva`   VARCHAR(50)     NULL DEFAULT NULL COLLATE 'utf8_unicode_ci',
    `dostup`  TINYINT(1)  NOT NULL DEFAULT '1',
    PRIMARY KEY (`id`)
)
COLLATE='utf8_unicode_ci'
ENGINE=InnoDB
AUTO_INCREMENT=55
DEFAULT CHARSET=utf8;

INSERT INTO `typ_sporidnenosti` (`id`, `nazva`, `dostup`) VALUES
    (-1, '<Всі>',                 1),
    ( 0, '<Не вказано>',          1),
    ( 1, 'Голова господарства',   1),
    ( 2, 'Чоловік',               1),
    ( 3, 'Дружина',               1),
    ( 4, 'Син',                   1),
    ( 5, 'Дочка',                 1),
    ( 6, 'Мати',                  1),
    ( 7, 'Батько',                1),
    ( 8, 'Брат',                  1),
    ( 9, 'Сестра',                1),
    (10, 'Дід',                   1),
    (11, 'Баба',                  1),
    (12, 'Внука',                 1),
    (13, 'Внук',                  1),
    (14, 'Двоюрідний брат',       1),
    (15, 'Двоюрідна сестра',      1),
    (16, 'Брат дружини',          1),
    (17, 'Сестра дружини',        1),
    (18, 'Брат чоловіка',         1),
    (19, 'Сестра чоловіка',       1),
    (20, 'Племінник',             1),
    (21, 'Племінниця',            1),
    (22, 'Дружина брата',         1),
    (23, 'Чоловік сестри',        1),
    (24, 'Колишня дружина',       1),
    (25, 'Колишній чоловік',      1),
    (26, 'Правнук',               1),
    (27, 'Правнучка',             1),
    (28, 'Тітка',                 1),
    (29, 'Дядько',                1),
    (30, 'Тесть',                 1),
    (31, 'Теща',                  1),
    (32, 'Зять',                  1),
    (33, 'Невістка',              1),
    (34, 'Свекор',                1),
    (35, 'Свекруха',              1),
    (36, 'Вітчим',                1),
    (37, 'Мачуха',                1),
    (38, 'Дочка чоловіка',        1),
    (39, 'Син чоловіка',          1),
    (40, 'Дочка дружини',         1),
    (41, 'Син дружини',           1),
    (42, 'Прийомна дитина',       1),
    (43, 'Дитина під опікою',     1),
    (44, 'Родич',                 1),
    (45, 'Співмешканець',         1),
    (46, 'Співмешканка',          1),
    (47, 'Підопічний',            1),
    (48, 'Підопічна',             1),
    (49, 'Вихованець',            1),
    (50, 'Вихованка',             1),
    (51, 'Тимчасово влаштований', 1),
    (52, 'Тимчасово влаштована',  1),
    (53, 'Прадід',                1),
    (54, 'Прабаба',               1);

CREATE TABLE `oblast` (
    `id`            INT(11)     NOT NULL AUTO_INCREMENT,
    `nazva`         VARCHAR(50)     NULL DEFAULT NULL COLLATE 'utf8_unicode_ci',
    `nazva_rodovyi` VARCHAR(50)     NULL DEFAULT NULL COLLATE 'utf8_unicode_ci',
    `dostup`        TINYINT(1)  NOT NULL DEFAULT '1',
    PRIMARY KEY (`id`)
)
COLLATE='utf8_unicode_ci'
ENGINE=InnoDB
AUTO_INCREMENT=26
DEFAULT CHARSET=utf8;

INSERT INTO `oblast` (`id`, `nazva`, `nazva_rodovyi`, `dostup`) VALUES
    (-1, '<Всі>',              NULL,                1),
    ( 0, '<Не вказано>',       NULL,                1),
    ( 1, 'АР Крим',           'АР Крим',            1),
    ( 2, 'Вінницька',         'Вінницької',         1),
    ( 3, 'Волинська',         'Волинської',         1),
    ( 4, 'Дніпропетровська',  'Дніпропетровської',  1),
    ( 5, 'Донецька',          'Донецької',          1),
    ( 6, 'Житомирська',       'Житомирської',       1),
    ( 7, 'Закарпатська',      'Закарпатської',      1),
    ( 8, 'Запорізька',        'Запорізької',        1),
    ( 9, 'Івано-Франківська', 'Івано-Франківської', 1),
    (10, 'Київська',          'Київської',          1),
    (11, 'Кіровоградська',    'Кіровоградської',    1),
    (12, 'Луганська',         'Луганської',         1),
    (13, 'Львівська',         'Львівської',         1),
    (14, 'Миколаївська',      'Миколаївської',      1),
    (15, 'Одеська',           'Одеської',           1),
    (16, 'Полтавська',        'Полтавської',        1),
    (17, 'Рівненська',        'Рівненської',        1),
    (18, 'Сумська',           'Сумської',           1),
    (19, 'Тернопільська',     'Тернопільської',     1),
    (20, 'Харківська',        'Харківської',        1),
    (21, 'Херсонська',        'Херсонської',        1),
    (22, 'Хмельницька',       'Хмельницької',       1),
    (23, 'Черкаська',         'Черкаської',         1),
    (24, 'Чернівецька',       'Чернівецької',       1),
    (25, 'Чернігівська',      'Чернігівської',      1);

CREATE TABLE `raion` (
    `id`            INT(11)     NOT NULL AUTO_INCREMENT,
    `id_oblast`     INT(11)     NOT NULL DEFAULT '0',
    `nazva`         VARCHAR(50)     NULL DEFAULT NULL COLLATE 'utf8_unicode_ci',
    `nazva_rodovyi` VARCHAR(50)     NULL DEFAULT NULL COLLATE 'utf8_unicode_ci',
    `dostup`        TINYINT(1)  NOT NULL DEFAULT '1',
    PRIMARY KEY (`id`),
    INDEX `raion_fk_oblast` (`id_oblast`),
    CONSTRAINT `raion_fk_oblast` FOREIGN KEY (`id_oblast`) REFERENCES `oblast` (`id`)
)
COLLATE='utf8_unicode_ci'
ENGINE=InnoDB
AUTO_INCREMENT=491
DEFAULT CHARSET=utf8;

INSERT INTO `raion` (`id`, `id_oblast`, `nazva`, `nazva_rodovyi`, `dostup`) VALUES
    ( -1,  0, '<Всі>',                    NULL, 1),
    (  0,  0, '<Не вказано>',             NULL, 1),
    (  1,  1, 'Бахчисарайський',          NULL, 1),
    (  2,  1, 'Білогірський',             NULL, 1),
    (  3,  1, 'Джанкойський',             NULL, 1),
    (  4,  1, 'Кіровський',               NULL, 1),
    (  5,  1, 'Красногвардійський',       NULL, 1),
    (  6,  1, 'Красноперекопський',       NULL, 1),
    (  7,  1, 'Ленінський',               NULL, 1),
    (  8,  1, 'Нижньогірський',           NULL, 1),
    (  9,  1, 'Первомайський',            NULL, 1),
    ( 10,  1, 'Роздольненський',          NULL, 1),
    ( 11,  1, 'Сакський',                 NULL, 1),
    ( 12,  1, 'Сімферопольський',         NULL, 1),
    ( 13,  1, 'Совєтський',               NULL, 1),
    ( 14,  1, 'Чорноморський',            NULL, 1),
    ( 15,  2, 'Барський',                 NULL, 1),
    ( 16,  2, 'Бершадський',              NULL, 1),
    ( 17,  2, 'Вінницький',               NULL, 1),
    ( 18,  2, 'Гайсинський',              NULL, 1),
    ( 19,  2, 'Жмеринський',              NULL, 1),
    ( 20,  2, 'Іллінецький',              NULL, 1),
    ( 21,  2, 'Калинівський',             NULL, 1),
    ( 22,  2, 'Козятинський',             NULL, 1),
    ( 23,  2, 'Крижопільський',           NULL, 1),
    ( 24,  2, 'Липовецький',              NULL, 1),
    ( 25,  2, 'Літинський',               NULL, 1),
    ( 26,  2, 'Могилів-Подільський',      NULL, 1),
    ( 27,  2, 'Мурованокуриловецький',    NULL, 1),
    ( 28,  2, 'Немирівський',             NULL, 1),
    ( 29,  2, 'Оратівський',              NULL, 1),
    ( 30,  2, 'Піщанський',               NULL, 1),
    ( 31,  2, 'Погребищенський',          NULL, 1),
    ( 32,  2, 'Теплицький',               NULL, 1),
    ( 33,  2, 'Тиврівський',              NULL, 1),
    ( 34,  2, 'Томашпільський',           NULL, 1),
    ( 35,  2, 'Тростянецький',            NULL, 1),
    ( 36,  2, 'Тульчинський',             NULL, 1),
    ( 37,  2, 'Хмільницький',             NULL, 1),
    ( 38,  2, 'Чернівецький',             NULL, 1),
    ( 39,  2, 'Чечельницький',            NULL, 1),
    ( 40,  2, 'Шаргородський',            NULL, 1),
    ( 41,  2, 'Ямпільський',              NULL, 1),
    ( 42,  3, 'Володимир-Волинський',     NULL, 1),
    ( 43,  3, 'Горохівський',             NULL, 1),
    ( 44,  3, 'Іваничівський',            NULL, 1),
    ( 45,  3, 'Камінь-Каширський',        NULL, 1),
    ( 46,  3, 'Ківерцівський',            NULL, 1),
    ( 47,  3, 'Ковельський',              NULL, 1),
    ( 48,  3, 'Локачинський',             NULL, 1),
    ( 49,  3, 'Луцький',                  NULL, 1),
    ( 50,  3, 'Любешівський',             NULL, 1),
    ( 51,  3, 'Любомльський',             NULL, 1),
    ( 52,  3, 'Маневицький',              NULL, 1),
    ( 53,  3, 'Ратнівський',              NULL, 1),
    ( 54,  3, 'Рожищенський',             NULL, 1),
    ( 55,  3, 'Старовижівський',          NULL, 1),
    ( 56,  3, 'Турійський',               NULL, 1),
    ( 57,  3, 'Шацький',                  NULL, 1),
    ( 58,  4, 'Апостолівський',           NULL, 1),
    ( 59,  4, 'Васильківський',           NULL, 1),
    ( 60,  4, 'Верхньодніпровський',      NULL, 1),
    ( 61,  4, 'Дніпропетровський',        NULL, 1),
    ( 62,  4, 'Криворізький',             NULL, 1),
    ( 63,  4, 'Криничанський',            NULL, 1),
    ( 64,  4, 'Магдалинівський',          NULL, 1),
    ( 65,  4, 'Межівський',               NULL, 1),
    ( 66,  4, 'Нікопольський',            NULL, 1),
    ( 67,  4, 'Новомосковський',          NULL, 1),
    ( 68,  4, 'Павлоградський',           NULL, 1),
    ( 69,  4, 'Петриківський',            NULL, 1),
    ( 70,  4, 'Петропавлівський',         NULL, 1),
    ( 71,  4, 'Покровський',              NULL, 1),
    ( 72,  4, 'П\'ятихатський',           NULL, 1),
    ( 73,  4, 'Синельниківський',         NULL, 1),
    ( 74,  4, 'Солонянський',             NULL, 1),
    ( 75,  4, 'Софіївський',              NULL, 1),
    ( 76,  4, 'Томаківський',             NULL, 1),
    ( 77,  4, 'Царичанський',             NULL, 1),
    ( 78,  4, 'Широківський',             NULL, 1),
    ( 79,  4, 'Юр\'ївський',              NULL, 1),
    ( 80,  5, 'Амвросіївський',           NULL, 1),
    ( 81,  5, 'Бахмутський',              NULL, 1),
    ( 82,  5, 'Великоновосілківський',    NULL, 1),
    ( 83,  5, 'Волноваський',             NULL, 1),
    ( 84,  5, 'Володарський',             NULL, 1),
    ( 85,  5, 'Добропільський',           NULL, 1),
    ( 86,  5, 'Костянтинівський',         NULL, 1),
    ( 87,  5, 'Красноармійський',         NULL, 1),
    ( 88,  5, 'Краснолиманський',         NULL, 1),
    ( 89,  5, 'Мар\'їнський',             NULL, 1),
    ( 90,  5, 'Новоазовський',            NULL, 1),
    ( 91,  5, 'Олександрівський',         NULL, 1),
    ( 92,  5, 'Першотравневий',           NULL, 1),
    ( 93,  5, 'Слов\'янський',            NULL, 1),
    ( 94,  5, 'Старобешівський',          NULL, 1),
    ( 95,  5, 'Тельманівський',           NULL, 1),
    ( 96,  5, 'Шахтарський',              NULL, 1),
    ( 97,  5, 'Ясинуватський',            NULL, 1),
    ( 98,  6, 'Андрушівський',            NULL, 1),
    ( 99,  6, 'Баранівський',             NULL, 1),
    (100,  6, 'Бердичівський',            NULL, 1),
    (101,  6, 'Брусилівський',            NULL, 1),
    (102,  6, 'Володарсько-Волинський',   NULL, 1),
    (103,  6, 'Романівський',             NULL, 1),
    (104,  6, 'Ємільчинський',            NULL, 1),
    (105,  6, 'Житомирський',             NULL, 1),
    (106,  6, 'Коростенський',            NULL, 1),
    (107,  6, 'Коростишівський',          NULL, 1),
    (108,  6, 'Лугинський',               NULL, 1),
    (109,  6, 'Любарський',               NULL, 1),
    (110,  6, 'Малинський',               NULL, 1),
    (111,  6, 'Народицький',              NULL, 1),
    (112,  6, 'Новоград-Волинський',      NULL, 1),
    (113,  6, 'Овруцький',                NULL, 1),
    (114,  6, 'Олевський',                NULL, 1),
    (115,  6, 'Попільнянський',           NULL, 1),
    (116,  6, 'Радомишльський',           NULL, 1),
    (117,  6, 'Ружинський',               NULL, 1),
    (118,  6, 'Червоноармійський',        NULL, 1),
    (119,  6, 'Черняхівський',            NULL, 1),
    (120,  6, 'Чуднівський',              NULL, 1),
    (121,  7, 'Берегівський',             NULL, 1),
    (122,  7, 'Великоберезнянський',      NULL, 1),
    (123,  7, 'Виноградівський',          NULL, 1),
    (124,  7, 'Воловецький',              NULL, 1),
    (125,  7, 'Іршавський',               NULL, 1),
    (126,  7, 'Міжгірський',              NULL, 1),
    (127,  7, 'Мукачівський',             NULL, 1),
    (128,  7, 'Перечинський',             NULL, 1),
    (129,  7, 'Рахівський',               NULL, 1),
    (130,  7, 'Свалявський',              NULL, 1),
    (131,  7, 'Тячівський',               NULL, 1),
    (132,  7, 'Ужгородський',             NULL, 1),
    (133,  7, 'Хустський',                NULL, 1),
    (134,  8, 'Бердянський',              NULL, 1),
    (135,  8, 'Василівський',             NULL, 1),
    (136,  8, 'Великобілозерський',       NULL, 1),
    (137,  8, 'Веселівський',             NULL, 1),
    (138,  8, 'Вільнянський',             NULL, 1),
    (139,  8, 'Гуляйпільський',           NULL, 1),
    (140,  8, 'Запорізький',              NULL, 1),
    (141,  8, 'Кам\'янсько-Дніпровський', NULL, 1),
    (142,  8, 'Куйбишевський',            NULL, 1),
    (143,  8, 'Мелітопольський',          NULL, 1),
    (144,  8, 'Михайлівський',            NULL, 1),
    (145,  8, 'Новомиколаївський',        NULL, 1),
    (146,  8, 'Оріхівський',              NULL, 1),
    (147,  8, 'Пологівський',             NULL, 1),
    (148,  8, 'Приазовський',             NULL, 1),
    (149,  8, 'Приморський',              NULL, 1),
    (150,  8, 'Розівський',               NULL, 1),
    (151,  8, 'Токмацький',               NULL, 1),
    (152,  8, 'Чернігівський',            NULL, 1),
    (153,  8, 'Якимівський',              NULL, 1),
    (154,  9, 'Богородчанський',          NULL, 1),
    (155,  9, 'Верховинський',            NULL, 1),
    (156,  9, 'Галицький',                NULL, 1),
    (157,  9, 'Городенківський',          NULL, 1),
    (158,  9, 'Долинський',               NULL, 1),
    (159,  9, 'Калуський',                NULL, 1),
    (160,  9, 'Коломийський',             NULL, 1),
    (161,  9, 'Косівський',               NULL, 1),
    (162,  9, 'Надвірнянський',           NULL, 1),
    (163,  9, 'Рогатинський',             NULL, 1),
    (164,  9, 'Рожнятівський',            NULL, 1),
    (165,  9, 'Снятинський',              NULL, 1),
    (166,  9, 'Тисменицький',             NULL, 1),
    (167,  9, 'Тлумацький',               NULL, 1),
    (168, 10, 'Баришівський',             NULL, 1),
    (169, 10, 'Білоцерківський',          NULL, 1),
    (170, 10, 'Богуславський',            NULL, 1),
    (171, 10, 'Бориспільський',           NULL, 1),
    (172, 10, 'Бородянський',             NULL, 1),
    (173, 10, 'Броварський',              NULL, 1),
    (174, 10, 'Васильківський',           NULL, 1),
    (175, 10, 'Вишгородський',            NULL, 1),
    (176, 10, 'Володарський',             NULL, 1),
    (177, 10, 'Згурівський',              NULL, 1),
    (178, 10, 'Іванківський',             NULL, 1),
    (179, 10, 'Кагарлицький',             NULL, 1),
    (180, 10, 'Києво-Святошинський',      NULL, 1),
    (181, 10, 'Макарівський',             NULL, 1),
    (182, 10, 'Миронівський',             NULL, 1),
    (183, 10, 'Обухівський',              NULL, 1),
    (184, 10, 'Переяслав-Хмельницький',   NULL, 1),
    (185, 10, 'Поліський',                NULL, 1),
    (186, 10, 'Рокитнянський',            NULL, 1),
    (187, 10, 'Сквирський',               NULL, 1),
    (188, 10, 'Ставищенський',            NULL, 1),
    (189, 10, 'Таращанський',             NULL, 1),
    (190, 10, 'Тетіївський',              NULL, 1),
    (191, 10, 'Фастівський',              NULL, 1),
    (192, 10, 'Яготинський',              NULL, 1),
    (193, 11, 'Бобринецький',             NULL, 1),
    (194, 11, 'Вільшанський',             NULL, 1),
    (195, 11, 'Гайворонський',            NULL, 1),
    (196, 11, 'Голованівський',           NULL, 1),
    (197, 11, 'Добровеличківський',       NULL, 1),
    (198, 11, 'Долинський',               NULL, 1),
    (199, 11, 'Знам\'янський',            NULL, 1),
    (200, 11, 'Кіровоградський',          NULL, 1),
    (201, 11, 'Компаніївський',           NULL, 1),
    (202, 11, 'Маловисківський',          NULL, 1),
    (203, 11, 'Новгородківський',         NULL, 1),
    (204, 11, 'Новоархангельський',       NULL, 1),
    (205, 11, 'Новомиргородський',        NULL, 1),
    (206, 11, 'Новоукраїнський',          NULL, 1),
    (207, 11, 'Олександрівський',         NULL, 1),
    (208, 11, 'Олександрійський',         NULL, 1),
    (209, 11, 'Онуфріївський',            NULL, 1),
    (210, 11, 'Петрівський',              NULL, 1),
    (211, 11, 'Світловодський',           NULL, 1),
    (212, 11, 'Ульяновський',             NULL, 1),
    (213, 11, 'Устинівський',             NULL, 1),
    (214, 12, 'Антрацитівський',          NULL, 1),
    (215, 12, 'Біловодський',             NULL, 1),
    (216, 12, 'Білокуракинський',         NULL, 1),
    (217, 12, 'Краснодонський',           NULL, 1),
    (218, 12, 'Кремінський',              NULL, 1),
    (219, 12, 'Лутугинський',             NULL, 1),
    (220, 12, 'Марківський',              NULL, 1),
    (221, 12, 'Міловський',               NULL, 1),
    (222, 12, 'Новоайдарський',           NULL, 1),
    (223, 12, 'Новопсковський',           NULL, 1),
    (224, 12, 'Перевальський',            NULL, 1),
    (225, 12, 'Попаснянський',            NULL, 1),
    (226, 12, 'Сватівський',              NULL, 1),
    (227, 12, 'Свердловський',            NULL, 1),
    (228, 12, 'Слов\'яносербський',       NULL, 1),
    (229, 12, 'Станично-Луганський',      NULL, 1),
    (230, 12, 'Старобільський',           NULL, 1),
    (231, 12, 'Троїцький',                NULL, 1),
    (232, 13, 'Бродівський',              NULL, 1),
    (233, 13, 'Буський',                  NULL, 1),
    (234, 13, 'Городоцький',              NULL, 1),
    (235, 13, 'Дрогобицький',             NULL, 1),
    (236, 13, 'Жидачівський',             NULL, 1),
    (237, 13, 'Жовківський',              NULL, 1),
    (238, 13, 'Золочівський',             NULL, 1),
    (239, 13, 'Кам\'янка-Бузький',        NULL, 1),
    (240, 13, 'Миколаївський',            NULL, 1),
    (241, 13, 'Мостиський',               NULL, 1),
    (242, 13, 'Перемишлянський',          NULL, 1),
    (243, 13, 'Пустомитівський',          NULL, 1),
    (244, 13, 'Радехівський',             NULL, 1),
    (245, 13, 'Самбірський',              NULL, 1),
    (246, 13, 'Сколівський',              NULL, 1),
    (247, 13, 'Сокальський',              NULL, 1),
    (248, 13, 'Старосамбірський',         NULL, 1),
    (249, 13, 'Стрийський',               NULL, 1),
    (250, 13, 'Турківський',              NULL, 1),
    (251, 13, 'Яворівський',              NULL, 1),
    (252, 14, 'Арбузинський',             NULL, 1),
    (253, 14, 'Баштанський',              NULL, 1),
    (254, 14, 'Березанський',             NULL, 1),
    (255, 14, 'Березнегуватський',        NULL, 1),
    (256, 14, 'Братський',                NULL, 1),
    (257, 14, 'Веселинівський',           NULL, 1),
    (258, 14, 'Вознесенський',            NULL, 1),
    (259, 14, 'Врадіївський',             NULL, 1),
    (260, 14, 'Доманівський',             NULL, 1),
    (261, 14, 'Єланецький',               NULL, 1),
    (262, 14, 'Жовтневий',                NULL, 1),
    (263, 14, 'Казанківський',            NULL, 1),
    (264, 14, 'Кривоозерський',           NULL, 1),
    (265, 14, 'Миколаївський',            NULL, 1),
    (266, 14, 'Новобузький',              NULL, 1),
    (267, 14, 'Новоодеський',             NULL, 1),
    (268, 14, 'Очаківський',              NULL, 1),
    (269, 14, 'Первомайський',            NULL, 1),
    (270, 14, 'Снігурівський',            NULL, 1),
    (271, 15, 'Ананьївський',             NULL, 1),
    (272, 15, 'Арцизький',                NULL, 1),
    (273, 15, 'Балтський',                NULL, 1),
    (274, 15, 'Березівський',             NULL, 1),
    (275, 15, 'Білгород-Дністровський',   NULL, 1),
    (276, 15, 'Біляївський',              NULL, 1),
    (277, 15, 'Болградський',             NULL, 1),
    (278, 15, 'Великомихайлівський',      NULL, 1),
    (279, 15, 'Іванівський',              NULL, 1),
    (280, 15, 'Ізмаїльський',             NULL, 1),
    (281, 15, 'Кілійський',               NULL, 1),
    (282, 15, 'Кодимський',               NULL, 1),
    (283, 15, 'Комінтернівський',         NULL, 1),
    (284, 15, 'Котовський',               NULL, 1),
    (285, 15, 'Красноокнянський',         NULL, 1),
    (286, 15, 'Любашівський',             NULL, 1),
    (287, 15, 'Миколаївський',            NULL, 1),
    (288, 15, 'Овідіопольський',          NULL, 1),
    (289, 15, 'Ренійський',               NULL, 1),
    (290, 15, 'Роздільнянський',          NULL, 1),
    (291, 15, 'Савранський',              NULL, 1),
    (292, 15, 'Саратський',               NULL, 1),
    (293, 15, 'Тарутинський',             NULL, 1),
    (294, 15, 'Татарбунарський',          NULL, 1),
    (295, 15, 'Фрунзівський',             NULL, 1),
    (296, 15, 'Ширяївський',              NULL, 1),
    (297, 16, 'Великобагачанський',       NULL, 1),
    (298, 16, 'Гадяцький',                NULL, 1),
    (299, 16, 'Глобинський',              NULL, 1),
    (300, 16, 'Гребінківський',           NULL, 1),
    (301, 16, 'Диканський',               NULL, 1),
    (302, 16, 'Зіньківський',             NULL, 1),
    (303, 16, 'Карлівський',              NULL, 1),
    (304, 16, 'Кобеляцький',              NULL, 1),
    (305, 16, 'Козельщинський',           NULL, 1),
    (306, 16, 'Котелевський',             NULL, 1),
    (307, 16, 'Кременчуцький',            NULL, 1),
    (308, 16, 'Лохвицький',               NULL, 1),
    (309, 16, 'Лубенський',               NULL, 1),
    (310, 16, 'Машівський',               NULL, 1),
    (311, 16, 'Миргородський',            NULL, 1),
    (312, 16, 'Новосанжарський',          NULL, 1),
    (313, 16, 'Оржицький',                NULL, 1),
    (314, 16, 'Пирятинський',             NULL, 1),
    (315, 16, 'Полтавський',              NULL, 1),
    (316, 16, 'Решетилівський',           NULL, 1),
    (317, 16, 'Семенівський',             NULL, 1),
    (318, 16, 'Хорольський',              NULL, 1),
    (319, 16, 'Чорнухинський',            NULL, 1),
    (320, 16, 'Чутівський',               NULL, 1),
    (321, 16, 'Шишацький',                NULL, 1),
    (322, 17, 'Березнівський',           'Березнівнського',  1),
    (323, 17, 'Володимирецький',         'Володимирецького', 1),
    (324, 17, 'Гощанський',              'Гощанського',      1),
    (325, 17, 'Демидівський',            'Демидівського',    1),
    (326, 17, 'Дубенський',              'Дубенського',      1),
    (327, 17, 'Дубровицький',            'Дубровицького',    1),
    (328, 17, 'Зарічненський',           'Зарічненського',   1),
    (329, 17, 'Здолбунівський',          'Здолбунівського',  1),
    (330, 17, 'Корецький',               'Корецького',       1),
    (331, 17, 'Костопільський',          'Костопільського',  1),
    (332, 17, 'Млинівський',             'Млинівського',     1),
    (333, 17, 'Острозький',              'Острозького',      1),
    (334, 17, 'Радивилівський',          'Радивилівського',  1),
    (335, 17, 'Рівненський',             'Рівненського',     1),
    (336, 17, 'Рокитнівський',           'Рокитнівського',   1),
    (337, 17, 'Сарненський',             'Сарненського',     1),
    (338, 18, 'Білопільський',            NULL, 1),
    (339, 18, 'Буринський',               NULL, 1),
    (340, 18, 'Великописарівський',       NULL, 1),
    (341, 18, 'Глухівський',              NULL, 1),
    (342, 18, 'Конотопський',             NULL, 1),
    (343, 18, 'Краснопільський',          NULL, 1),
    (344, 18, 'Кролевецький',             NULL, 1),
    (345, 18, 'Лебединський',             NULL, 1),
    (346, 18, 'Липоводолинський',         NULL, 1),
    (347, 18, 'Недригайлівський',         NULL, 1),
    (348, 18, 'Охтирський',               NULL, 1),
    (349, 18, 'Путивльський',             NULL, 1),
    (350, 18, 'Роменський',               NULL, 1),
    (351, 18, 'Середино-Будський',        NULL, 1),
    (352, 18, 'Сумський',                 NULL, 1),
    (353, 18, 'Тростянецький',            NULL, 1),
    (354, 18, 'Шосткинський',             NULL, 1),
    (355, 18, 'Ямпільський',              NULL, 1),
    (356, 19, 'Бережанський',             NULL, 1),
    (357, 19, 'Борщівський',              NULL, 1),
    (358, 19, 'Бучацький',                NULL, 1),
    (359, 19, 'Гусятинський',             NULL, 1),
    (360, 19, 'Заліщицький',              NULL, 1),
    (361, 19, 'Збаразький',               NULL, 1),
    (362, 19, 'Зборівський',              NULL, 1),
    (363, 19, 'Козівський',               NULL, 1),
    (364, 19, 'Кременецький',             NULL, 1),
    (365, 19, 'Лановецький',              NULL, 1),
    (366, 19, 'Монастириський',           NULL, 1),
    (367, 19, 'Підволочиський',           NULL, 1),
    (368, 19, 'Підгаєцький',              NULL, 1),
    (369, 19, 'Теребовлянський',          NULL, 1),
    (370, 19, 'Тернопільський',           NULL, 1),
    (371, 19, 'Чортківський',             NULL, 1),
    (372, 19, 'Шумський',                 NULL, 1),
    (373, 20, 'Балаклійський',            NULL, 1),
    (374, 20, 'Барвінківський',           NULL, 1),
    (375, 20, 'Близнюківський',           NULL, 1),
    (376, 20, 'Богодухівський',           NULL, 1),
    (377, 20, 'Борівський',               NULL, 1),
    (378, 20, 'Валківський',              NULL, 1),
    (379, 20, 'Великобурлуцький',         NULL, 1),
    (380, 20, 'Вовчанський',              NULL, 1),
    (381, 20, 'Дворічанський',            NULL, 1),
    (382, 20, 'Дергачівський',            NULL, 1),
    (383, 20, 'Зачепилівський',           NULL, 1),
    (384, 20, 'Зміївський',               NULL, 1),
    (385, 20, 'Золочівський',             NULL, 1),
    (386, 20, 'Ізюмський',                NULL, 1),
    (387, 20, 'Кегичівський',             NULL, 1),
    (388, 20, 'Коломацький',              NULL, 1),
    (389, 20, 'Красноградський',          NULL, 1),
    (390, 20, 'Краснокутський',           NULL, 1),
    (391, 20, 'Куп\'янський',             NULL, 1),
    (392, 20, 'Лозівський',               NULL, 1),
    (393, 20, 'Нововодолазький',          NULL, 1),
    (394, 20, 'Первомайський',            NULL, 1),
    (395, 20, 'Печенізький',              NULL, 1),
    (396, 20, 'Сахновщинський',           NULL, 1),
    (397, 20, 'Харківський',              NULL, 1),
    (398, 20, 'Чугуївський',              NULL, 1),
    (399, 21, 'Шевченківський',           NULL, 1),
    (400, 21, 'Бериславський',            NULL, 1),
    (401, 21, 'Білозерський',             NULL, 1),
    (402, 21, 'Великолепетиський',        NULL, 1),
    (403, 21, 'Великоолександрівський',   NULL, 1),
    (404, 21, 'Верхньорогачицький',       NULL, 1),
    (405, 21, 'Високопільський',          NULL, 1),
    (406, 21, 'Генічеський',              NULL, 1),
    (407, 21, 'Голопристанський',         NULL, 1),
    (408, 21, 'Горностаївський',          NULL, 1),
    (409, 21, 'Іванівський',              NULL, 1),
    (410, 21, 'Каланчацький',             NULL, 1),
    (411, 21, 'Каховський',               NULL, 1),
    (412, 21, 'Нижньосірогозький',        NULL, 1),
    (413, 21, 'Нововоронцовський',        NULL, 1),
    (414, 21, 'Новотроїцький',            NULL, 1),
    (415, 21, 'Скадовський',              NULL, 1),
    (416, 21, 'Цюрупинський',             NULL, 1),
    (417, 21, 'Чаплинський',              NULL, 1),
    (418, 22, 'Білогірський',             NULL, 1),
    (419, 22, 'Віньковецький',            NULL, 1),
    (420, 22, 'Волочиський',              NULL, 1),
    (421, 22, 'Городоцький',              NULL, 1),
    (422, 22, 'Деражнянський',            NULL, 1),
    (423, 22, 'Дунаєвецький',             NULL, 1),
    (424, 22, 'Ізяславський',             NULL, 1),
    (425, 22, 'Кам\'янець-Подільський',   NULL, 1),
    (426, 22, 'Красилівський',            NULL, 1),
    (427, 22, 'Летичівський',             NULL, 1),
    (428, 22, 'Новоушицький',             NULL, 1),
    (429, 22, 'Полонський',               NULL, 1),
    (430, 22, 'Славутський',              NULL, 1),
    (431, 22, 'Старокостянтинівський',    NULL, 1),
    (432, 22, 'Старосинявський',          NULL, 1),
    (433, 22, 'Теофіпольський',           NULL, 1),
    (434, 22, 'Хмельницький',             NULL, 1),
    (435, 22, 'Чемеровецький',            NULL, 1),
    (436, 22, 'Шепетівський',             NULL, 1),
    (437, 22, 'Ярмолинецький',            NULL, 1),
    (438, 23, 'Городищенський',           NULL, 1),
    (439, 23, 'Драбівський',              NULL, 1),
    (440, 23, 'Жашківський',              NULL, 1),
    (441, 23, 'Звенигородський',          NULL, 1),
    (442, 23, 'Золотоніський',            NULL, 1),
    (443, 23, 'Кам\'янський',             NULL, 1),
    (444, 23, 'Канівський',               NULL, 1),
    (445, 23, 'Катеринопільський',        NULL, 1),
    (446, 23, 'Корсунь-Шевченківський',   NULL, 1),
    (447, 23, 'Лисянський',               NULL, 1),
    (448, 23, 'Маньківський',             NULL, 1),
    (449, 23, 'Монастирищенський',        NULL, 1),
    (450, 23, 'Смілянський',              NULL, 1),
    (451, 23, 'Тальнівський',             NULL, 1),
    (452, 23, 'Уманський',                NULL, 1),
    (453, 23, 'Христинівський',           NULL, 1),
    (454, 23, 'Черкаський',               NULL, 1),
    (455, 23, 'Чигиринський',             NULL, 1),
    (456, 23, 'Чорнобаївський',           NULL, 1),
    (457, 23, 'Шполянський',              NULL, 1),
    (458, 24, 'Вижницький',               NULL, 1),
    (459, 24, 'Герцаївський',             NULL, 1),
    (460, 24, 'Глибоцький',               NULL, 1),
    (461, 24, 'Заставнівський',           NULL, 1),
    (462, 24, 'Кельменецький',            NULL, 1),
    (463, 24, 'Кіцманський',              NULL, 1),
    (464, 24, 'Новоселицький',            NULL, 1),
    (465, 24, 'Путильський',              NULL, 1),
    (466, 24, 'Сокирянський',             NULL, 1),
    (467, 24, 'Сторожинецький',           NULL, 1),
    (468, 24, 'Хотинський',               NULL, 1),
    (469, 25, 'Бахмацький',               NULL, 1),
    (470, 25, 'Бобровицький',             NULL, 1),
    (471, 25, 'Борзнянський',             NULL, 1),
    (472, 25, 'Варвинський',              NULL, 1),
    (473, 25, 'Городнянський',            NULL, 1),
    (474, 25, 'Ічнянський',               NULL, 1),
    (475, 25, 'Козелецький',              NULL, 1),
    (476, 25, 'Коропський',               NULL, 1),
    (477, 25, 'Корюківський',             NULL, 1),
    (478, 25, 'Куликівський',             NULL, 1),
    (479, 25, 'Менський',                 NULL, 1),
    (480, 25, 'Ніжинський',               NULL, 1),
    (481, 25, 'Новгород-Сіверський',      NULL, 1),
    (482, 25, 'Носівський',               NULL, 1),
    (483, 25, 'Прилуцький',               NULL, 1),
    (484, 25, 'Ріпкинський',              NULL, 1),
    (485, 25, 'Семенівський',             NULL, 1),
    (486, 25, 'Сосницький',               NULL, 1),
    (487, 25, 'Срібнянський',             NULL, 1),
    (488, 25, 'Талалаївський',            NULL, 1),
    (489, 25, 'Чернігівський',            NULL, 1),
    (490, 25, 'Щорський',                 NULL, 1);

CREATE TABLE `selo` (
    `id`        INT(11)      NOT NULL AUTO_INCREMENT,
    `id_oblast` INT(11)      NOT NULL DEFAULT '0',
    `id_raion`  INT(11)      NOT NULL DEFAULT '0',
    `nazva`     VARCHAR(100)     NULL DEFAULT NULL COLLATE 'utf8_unicode_ci',
    `dostup`    TINYINT(1)   NOT NULL DEFAULT '1',
    PRIMARY KEY (`id`),
    INDEX `selo_fk_oblast` (`id_oblast`),
    INDEX `selo_fk_raion`  (`id_raion`),
    CONSTRAINT `selo_fk_oblast` FOREIGN KEY (`id_oblast`) REFERENCES `oblast` (`id`),
    CONSTRAINT `selo_fk_raion`  FOREIGN KEY (`id_raion`)  REFERENCES `raion`  (`id`)
)
COLLATE='utf8_unicode_ci'
ENGINE=InnoDB
AUTO_INCREMENT=7
DEFAULT CHARSET=utf8;

INSERT INTO `selo` (`id`, `id_oblast`, `id_raion`, `nazva`, `dostup`) VALUES
    (-1,  0,   0, '<Всі>',           1),
    ( 0,  0,   0, '<Не вказано>',    1),
    ( 1, 17, 335, 'Шпанів',          1),
    ( 2, 17, 335, 'Великий Олексин', 1),
    ( 3, 17, 335, 'Малий Олексин',   1),
    ( 4, 17, 335, 'Зозів',           1),
    ( 5, 17, 335, 'Ходоси',          1),
    ( 6, 17, 335, 'Хотин',           1);

CREATE TABLE `typ_vulytsi` (
    `id`               INT(11)     NOT NULL AUTO_INCREMENT,
    `nazva`            VARCHAR(25)     NULL DEFAULT '' COLLATE 'utf8_unicode_ci',
    `skorochena_nazva` VARCHAR(10)     NULL DEFAULT '' COLLATE 'utf8_unicode_ci',
    `dostup`           TINYINT(1)  NOT NULL DEFAULT '1',
    PRIMARY KEY (`id`)
)
COLLATE='utf8_unicode_ci'
ENGINE=InnoDB
AUTO_INCREMENT=8
DEFAULT CHARSET=utf8;

INSERT INTO `typ_vulytsi` (`id`, `nazva`, `skorochena_nazva`, `dostup`) VALUES
    (-1, '<Всі>',        '',       1),
    ( 0, '<Не вказано>', '',       1),
    ( 1, 'Вулиця',       'вул.',   1),
    ( 2, 'Провулок',     'пров.',  1),
    ( 3, 'Набережна',    'наб.',   1),
    ( 4, 'Бульвар ',     'бульв.', 1),
    ( 5, 'Тупик',        'туп.',   1),
    ( 6, 'Узвіз',        'узв.',   1),
    ( 7, 'Проспект',     'прос.',  1);

CREATE TABLE `vulytsia` (
    `id`             INT(11)     NOT NULL AUTO_INCREMENT,
    `id_typ_vulytsi` INT(11)     NOT NULL DEFAULT '0',
    `nazva`          VARCHAR(50)     NULL DEFAULT NULL COLLATE 'utf8_unicode_ci',
    `dostup`         TINYINT(1)  NOT NULL DEFAULT '1',
    PRIMARY KEY (`id`),
    INDEX `vulytsia_fk_typ` (`id_typ_vulytsi`),
    CONSTRAINT `vulytsia_fk_typ` FOREIGN KEY (`id_typ_vulytsi`) REFERENCES `typ_vulytsi` (`id`)
)
COLLATE='utf8_unicode_ci'
ENGINE=InnoDB
AUTO_INCREMENT=59
DEFAULT CHARSET=utf8;

INSERT INTO `vulytsia` (`id`, `id_typ_vulytsi`, `nazva`, `dostup`) VALUES
    ( 1, 1, 'Богдана Хмельницького',     1),
    ( 2, 1, 'Біла',                      1),
    ( 3, 1, 'Вербова',                   1),
    ( 4, 1, 'Вереснева',                 1),
    ( 5, 1, 'Весняна',                   1),
    ( 6, 1, 'Вишнева',                   1),
    ( 7, 1, 'Воїнів-Інтернаціоналістів', 1),
    ( 8, 1, 'Володимирська',             1),
    ( 9, 1, 'Вузька',                    1),
    (10, 1, 'Гайова',                    1),
    (11, 1, 'Гора',                      1),
    (12, 1, 'Городецька',                1),
    (13, 1, 'Джерельна',                 1),
    (14, 1, 'Дослідна',                  1),
    (15, 1, 'Заводська',                 1),
    (16, 1, 'Залізнична',                1),
    (17, 1, 'Замкова',                   1),
    (18, 1, 'Заріччя',                   1),
    (19, 1, 'Зелена',                    1),
    (20, 1, 'Золотіївська',              1),
    (21, 1, 'Івана Франка',              1),
    (22, 1, 'Кам\'яна',                  1),
    (23, 1, 'Князя Володимира',          1),
    (24, 1, 'Княгні Ольги',              1),
    (25, 1, 'Короленка',                 1),
    (26, 1, 'Коротка',                   1),
    (27, 1, 'Кринична',                  1),
    (28, 1, 'Лесі Українки',             1),
    (29, 1, 'Лісова',                    1),
    (30, 1, 'Лугова',                    1),
    (31, 1, 'Миру',                      1),
    (32, 1, 'Молодіжна',                 1),
    (33, 1, 'Набережна',                 1),
    (34, 1, 'Нова',                      1),
    (35, 1, 'Олексинська',               1),
    (36, 1, 'Паркова',                   1),
    (37, 1, 'Плевана',                   1),
    (38, 1, 'Польова',                   1),
    (39, 1, 'Поштова',                   1),
    (40, 1, 'Приміська',                 1),
    (41, 2, 'Гайовий',                   1),
    (42, 2, 'Короткий',                  1),
    (43, 2, 'Золотіївсьий',              1),
    (44, 1, 'Промислова',                1),
    (45, 1, 'Радгоспна',                 1),
    (46, 1, 'Робітнича',                 1),
    (47, 1, 'Степана Руданського',       1),
    (48, 1, 'Сагайдачного',              1),
    (49, 1, 'Садова',                    1),
    (50, 1, 'Ставкова',                  1),
    (51, 1, 'Тиха',                      1),
    (52, 1, 'Тополева',                  1),
    (53, 1, 'Тупікова',                  1),
    (54, 1, 'Фізична',                   1),
    (55, 1, 'Фруктова',                  1),
    (56, 1, 'Центральна',                1),
    (57, 1, 'Чубинського',               1),
    (58, 1, 'Шевченка',                  1);

CREATE TABLE `hospodarstvo` (
    `id`                     INT(11)      NOT NULL AUTO_INCREMENT,
    `id_selo`                INT(11)      NOT NULL DEFAULT '0',
    `id_holova_hospodarstva` INT(11)      NOT NULL DEFAULT '0',
    `nomer`                  INT(11)          NULL DEFAULT NULL,
    `adresa`                 VARCHAR(200)     NULL DEFAULT NULL COLLATE 'utf8_unicode_ci',
    PRIMARY KEY (`id`),
    INDEX `hospodarstvo_fk_selo`   (`id_selo`),
    INDEX `hospodarstvo_fk_holova` (`id_holova_hospodarstva`),
    CONSTRAINT `hospodarstvo_fk_selo`   FOREIGN KEY (`id_selo`)                REFERENCES `selo`       (`id`),
    CONSTRAINT `hospodarstvo_fk_holova` FOREIGN KEY (`id_holova_hospodarstva`) REFERENCES `naselennia` (`id`)
)
COLLATE='utf8_unicode_ci'
ENGINE=InnoDB
AUTO_INCREMENT=1
DEFAULT CHARSET=utf8;

CREATE TABLE `meshkantsi` (
    `id`                   INT(11)    NOT NULL AUTO_INCREMENT,
    `id_hospodarstvo`      INT(11)    NOT NULL DEFAULT '0',
    `id_naselennia`        INT(11)    NOT NULL DEFAULT '0',
    `data_reiestratsii`    DATE           NULL DEFAULT NULL,
    `data_vybuttia`        DATE           NULL DEFAULT NULL,
    `tymchasovo_vybuv`     TINYINT(1) NOT NULL DEFAULT '0',
    `ostatochno_vybuv`     TINYINT(1) NOT NULL DEFAULT '0',
    `status_prozhyvannia`  TINYINT(1) NOT NULL DEFAULT '0',
    PRIMARY KEY (`id`),
    INDEX `meshkantsi_fk_hospodarstvo` (`id_hospodarstvo`),
    INDEX `meshkantsi_fk_naselennia`   (`id_naselennia`),
    CONSTRAINT `meshkantsi_fk_hospodarstvo` FOREIGN KEY (`id_hospodarstvo`) REFERENCES `hospodarstvo` (`id`),
    CONSTRAINT `meshkantsi_fk_naselennia`   FOREIGN KEY (`id_naselennia`)   REFERENCES `naselennia`   (`id`)
)
COLLATE='utf8_unicode_ci'
ENGINE=InnoDB
AUTO_INCREMENT=1
DEFAULT CHARSET=utf8;

CREATE TABLE `sporidnenist` (
    `id`                   INT(11) NOT NULL AUTO_INCREMENT,
    `id_hospodarstvo`      INT(11) NOT NULL DEFAULT '0',
    `id_naselennia_khto`   INT(11) NOT NULL DEFAULT '0',
    `id_naselennia_komu`   INT(11) NOT NULL DEFAULT '0',
    `id_typ_sporidnenosti` INT(11) NOT NULL DEFAULT '0',
    PRIMARY KEY (`id`),
    UNIQUE KEY `sporidnenist_unique` USING BTREE (`id_hospodarstvo`, `id_naselennia_khto`, `id_naselennia_komu`, `id_typ_sporidnenosti`),
    INDEX `sporidnenist_fk_hospodarstvo`      (`id_hospodarstvo`),
    INDEX `sporidnenist_fk_naselennia_khto`   (`id_naselennia_khto`),
    INDEX `sporidnenist_fk_naselennia_komu`   (`id_naselennia_komu`),
    INDEX `sporidnenist_fk_typ_sporidnenosti` (`id_typ_sporidnenosti`),
    CONSTRAINT `sporidnenist_fk_hospodarstvo`      FOREIGN KEY (`id_hospodarstvo`)      REFERENCES `hospodarstvo`      (`id`),
    CONSTRAINT `sporidnenist_fk_naselennia_khto`   FOREIGN KEY (`id_naselennia_khto`)   REFERENCES `naselennia`        (`id`),
    CONSTRAINT `sporidnenist_fk_naselennia_komu`   FOREIGN KEY (`id_naselennia_komu`)   REFERENCES `naselennia`        (`id`),
    CONSTRAINT `sporidnenist_fk_typ_sporidnenosti` FOREIGN KEY (`id_typ_sporidnenosti`) REFERENCES `typ_sporidnenosti` (`id`)
)
COLLATE='utf8_unicode_ci'
ENGINE=InnoDB
AUTO_INCREMENT=1
DEFAULT CHARSET=utf8;

CREATE TABLE `typ_zemli` (
	`id`     INT(11)     NOT NULL AUTO_INCREMENT,
	`nazva`  VARCHAR(50)     NULL DEFAULT NULL COLLATE 'utf8_unicode_ci',
	`dostup` TINYINT(1)      NOT NULL DEFAULT '1',
	PRIMARY KEY (`id`)
)
COLLATE='utf8_unicode_ci'
ENGINE=InnoDB
AUTO_INCREMENT=1
DEFAULT CHARSET=utf8;

INSERT INTO `typ_zemli` (`id`, `nazva`, `dostup`) VALUES
    (-1, '<Всі>',        1),
    ( 0, '<Не вказано>', 1),
    ( 1, 'Для ведення особистого селянського господарствао',1),
    ( 2, 'Для ведення підсобного сільського господарства',         1),
    ( 3, 'Для житлових будинків та господарських споруд',           1),
    ( 4, 'Земельна частка (пай)',    1),
    ( 5, 'Для індивідуального садівництва',    1),
    ( 6, 'Для сінокосіння ',   1),
    ( 7, 'Для городництва',  1),
    ( 8, 'Для випасання худоби', 1),
    ( 9, 'Для будівництва індивідуальних гаражів',  1);
    
CREATE TABLE `zemlia` (
	`id`                    INT(11)      NOT NULL AUTO_INCREMENT,
	`id_naselennia`         INT(11)      NOT NULL DEFAULT '0',
	`osg`                   FLOAT        NOT NULL DEFAULT '0',
	`zhytlove_budivnytstvo` FLOAT        NOT NULL DEFAULT '0',
	`gorod`                 FLOAT        NOT NULL DEFAULT '0',
	`sino`                  FLOAT        NOT NULL DEFAULT '0',
	`hudoba`                FLOAT        NOT NULL DEFAULT '0',
	`sad`                   FLOAT        NOT NULL DEFAULT '0',
	`pai`                   FLOAT        NOT NULL DEFAULT '0',
	`pidsobne_gospodarstvo` FLOAT        NOT NULL DEFAULT '0',
	`kadastrovyi_nomer`     VARCHAR(22)      NULL DEFAULT NULL COLLATE 'utf8_unicode_ci',
	`dogovir`               VARCHAR(50)      NULL DEFAULT NULL COLLATE 'utf8_unicode_ci',
	`id_typ_zemli`          INT(11)      NOT NULL DEFAULT '0',
	`ploshcha`              FLOAT        NOT NULL DEFAULT '0',
	`prymitka`              VARCHAR(100)     NULL DEFAULT NULL COLLATE 'utf8_unicode_ci',
	PRIMARY KEY (`id`),
	INDEX `zemlia_fk_naselennia` (`id_naselennia`),
	INDEX `zemlia_fk_typ_zemli`  (`id_typ_zemli`),
	CONSTRAINT `zemlia_fk_naselennia` FOREIGN KEY (`id_naselennia`) REFERENCES `naselennia` (`id`),
	CONSTRAINT `zemlia_fk_typ_zemli`  FOREIGN KEY (`id_typ_zemli`)  REFERENCES `typ_zemli`  (`id`)
)
COLLATE='utf8_unicode_ci'
ENGINE=InnoDB
AUTO_INCREMENT=1
DEFAULT CHARSET=utf8;